PC1,PC2,PC3,PC4,PC5,stress_level
0.5340553355809321,-0.8502068112056952,0.7464558252194887,-0.6316315021224167,-0.21434243301327094,1.0
5.408247777484033,1.2377474331739131,0.13570920733344735,0.303778261474161,0.8535209188047713,2.0
0.47595627088494025,-1.4785006878984677,-0.2029651933160468,-0.3956190580345898,-0.11392108111706765,1.0
4.507426921530377,1.2947596378616966,0.385568263031979,0.6481721458619133,0.16873192195055825,2.0
0.6649061104293962,1.426730491648236,1.1682736958953532,2.787152006259114,-0.36030269543547144,1.0
-2.761746765246583,0.49942128365216837,0.060953239279287204,0.12297376100548883,-0.3315523451320143,0.0
5.263569378526115,0.4616118802304913,-1.2813196151332968,0.7103497044651308,-0.019721811481913074,2.0
1.0780818877039238,-0.5356978039920997,1.3949957058256222,-0.6660690395598196,0.5467474150126217,1.0
5.193771294098419,0.20980985425851206,-1.00816698389658,0.7792345188698641,0.14146652341576127,2.0
-3.1486121335486303,1.1333582072918356,0.4181746404675019,-0.28731986004242993,0.28801653256763643,0.0
0.563616094753224,0.31292462557177725,-2.927960922862633,-2.280824268720869,2.003791192013308,2.0
-3.0579066537710946,0.34694728109602135,-0.224513994708466,-0.04492496485503673,-0.030709447723563044,0.0
1.239831634679372,-0.6195034466796714,1.128236304959441,-1.109967698533679,0.1350063986336281,1.0
-3.4160883375587843,0.6374103666943615,0.22152272316170263,0.4081937278856058,0.10581297132414907,0.0
-3.1643815230269,0.5215832020682896,-0.30042552745859097,-0.01949829629160855,0.16815766832471582,0.0
1.0255594131733075,-1.6362924359931745,0.31446355476396076,0.5557320393312574,0.6855923528705818,1.0
-3.441657640472996,1.0238903032592999,0.5379723916738146,-0.13786566123697366,-0.0818882156677076,0.0
-3.410639505246389,0.630388711938128,-0.2367170855602276,0.055106964034837884,0.5203754088551393,0.0
4.812978533261372,0.5040932923622007,-1.24108141322327,0.5151468896858307,-0.2821355022165956,2.0
0.5758153499705542,-1.3341765480663499,0.23931607956729262,-0.23477967347608458,0.39672395614858313,1.0
-3.0148575993083564,0.13331660196594763,-0.642134036693691,0.48752512518702074,0.22257086826305225,0.0
5.382653681275315,0.4712554268506896,-1.321297970129658,0.15649678799379976,0.9900373137712789,2.0
0.24966312196002152,-1.3002938344509922,0.39850491950688033,0.4487938607224164,-0.21048386850397893,1.0
-3.110044818075408,0.40496661337490064,-0.02903433772174201,0.4046421475666402,0.047656857498016354,0.0
1.766153450197655,2.6674621073636025,-0.29467998061006717,-3.79793968430614,0.5010812559699638,1.0
0.6483730139810227,-1.176181936444109,0.9339150991575061,0.16485977507101165,-0.4827703822078498,1.0
-3.2459003476066117,1.131669485285093,0.4356591285019094,-0.2781891202119603,0.008178504173163265,0.0
0.3477368694053498,-1.5107293360205702,-0.054169404155238784,-0.3745484005752186,0.09732608396340324,1.0
0.4726042788499518,-1.8957182964199355,-0.5179526029022049,0.1342894894763124,-0.318827021578024,1.0
-3.3271108457889356,1.1912088473789175,0.3940119807702585,-0.1848280918172253,0.09163737651596082,0.0
-3.072907509569137,0.6213611693854775,-0.09652130735896468,-0.1671561987484438,-0.46608147534731936,0.0
-3.2525921758025094,0.5424491780770149,-0.022541501503684214,0.4433162886740273,0.48757372033830915,0.0
-3.316558126127723,0.8912462510420086,0.6334174158164759,-0.22586367048456285,-0.20876121166849504,0.0
-3.575962404709622,0.7372528755364208,0.2168935548569954,0.44811415542664956,-0.01857206468003525,0.0
4.427695102480932,0.7660202571417409,-0.2226984268603441,0.4776785009956701,-0.9205443263262015,2.0
-3.254748061166331,0.33974220743966554,0.08698425416456375,0.4793506859139758,0.12286360050279449,0.0
5.073814288864133,1.0534460761888331,-1.1350014547092273,-0.19032434311053112,0.33844084517750134,2.0
-3.080898068565445,0.5647008854944284,-0.29254836142232654,-0.08815679686274931,0.4267104739685226,0.0
0.7528040432416668,-0.9601812335783094,0.7121769287614437,-0.7287231290896906,-0.5816956348644859,1.0
-3.2210224652099315,0.5543908771414907,-0.10376400810397012,0.4237133440532015,0.2027250123971342,0.0
-3.4174996070181707,0.24334586803760921,-0.547338591394203,0.6042099331009072,0.6147972530488381,0.0
1.0094389004937427,-1.1922291364439335,0.09180619961832565,0.14180368463777862,0.6439392036285573,1.0
-3.3292227784216797,0.9742416862069355,0.7363770503313936,0.22202868539008233,0.027115441829859352,0.0
5.542501077033187,1.0593721824011393,-0.6738649737426056,0.2698639482510582,0.3364300999060512,2.0
0.809968782176452,-0.6142977878965898,1.3446407505793343,-0.39046304511611857,-0.5599005483288032,1.0
0.48053897347642754,-1.565968798137415,-0.003275435647866296,-0.517208475782902,0.6089125982171195,1.0
0.6695064757269286,-1.4713009383198512,0.027582197324775033,-0.6115736345260029,-0.796236294932069,1.0
-3.2669864165962808,0.6205770693958997,0.15477249348432648,0.37635519500941994,-0.12018481758594207,0.0
-3.1291878735774885,0.318833133599326,-0.173126551706296,-0.012037425579467085,-0.025129227235274276,0.0
-3.225034654404711,1.098630629640346,0.42065515131145387,-0.25312476585180294,0.04356130637299504,0.0
-3.008019829351758,0.4145159338265018,0.22094373096393244,0.22467995877568722,-0.4080910264653068,0.0
-3.4718345675743367,0.15022850725967607,-0.6253981946708829,0.17133819690943838,0.2564082159823698,0.0
1.1763190111770638,-1.2130497767329969,0.8119340114090398,0.01144053050531925,0.5226357168758295,1.0
-3.22075304744844,1.116622851524035,0.39416773954752177,-0.2709916854441962,-0.08453129768340772,0.0
4.981846738001914,1.6479881230166162,1.199031048549727,0.8132681576553455,0.23333784178344208,2.0
0.1420392112558126,-0.9433859116342563,0.83209424517098,-0.07077478263514463,-0.3293996210370727,1.0
0.8143340567568431,-1.6159268789402814,0.19687588454887023,0.20623886533894328,0.5670334545405123,1.0
1.2101454963546086,2.047247137144805,0.3444208272037472,-1.766937835299956,-0.206483746470389,1.0
-3.645921512783705,0.5997609652164599,0.1814510982279634,0.08543966480048114,-0.1348734730828637,0.0
-3.0129248775933113,0.6088327986892016,0.10106029841546796,0.22310896791625254,-0.05747848607895725,0.0
-3.263464466769071,0.6996460866753509,0.19125615207776342,0.31558114783509217,0.42283185850786875,0.0
-3.445530333832584,0.16072525746833138,-0.49224206650713764,0.6501235185155467,0.37072686434536756,0.0
0.3708266540405892,-0.7144590603665487,0.2859790708737819,-1.1528137269862957,0.4062631499547616,1.0
-3.3445990359893005,0.1990044284096471,-0.5863027608315922,0.630788886084608,0.3162358031496689,0.0
0.8247749888796039,-1.052792851322671,0.48754338214090936,-0.657608180600809,0.026632444001352267,1.0
-2.867531908670845,0.5533314393833798,-0.18820439708920222,0.25240291733336806,0.4812230702703908,0.0
0.9765079221457994,-0.8054611798217503,0.5972693749115666,-0.926813502449662,-0.0741565141325006,1.0
0.6919626664000991,-1.3907574046418567,0.3616108471948371,0.16597487304203642,0.4284248202265104,1.0
0.8203069741490654,-1.5471241213943894,0.38097347136827,0.3191857259248436,-0.3132567242266395,1.0
1.0503917109050727,-0.8913391628671231,0.6418621302318338,0.019946007854848638,0.6500036579715484,1.0
5.116788376192022,1.0917152030750716,0.1809380075988936,0.1128325795400242,0.31466577148603025,2.0
1.5052158356502783,-1.0736479517522965,0.5844263418385088,-0.17548353251335577,0.479599153113596,1.0
5.719058245874101,1.8480815624444986,0.4871948021307567,-0.481384266116482,0.3434007521006256,2.0
4.961852755893974,1.0521377355067087,0.3286262809594731,0.7041553602245741,-0.2821520417695843,2.0
4.809175695188787,1.0918425278461907,-0.4173569912227314,0.6426335203668392,0.14091612659599984,2.0
-3.7618192900454677,0.7497912341502452,0.08312004508355271,0.13004080787135971,-0.05794919966111228,0.0
0.9138082792889574,-1.0875395939770434,0.7889995909267185,0.016898110431354627,0.09553434292379853,1.0
-1.3167997221683447,2.19599015180157,-2.1060306412034024,-2.584720171237621,-1.6559830165656257,1.0
0.7791463599426249,-0.647073915027381,0.5908773147324091,-0.8730574731776978,0.5575144173012255,1.0
0.6631750761403026,-1.8647594318094087,-0.7648804999933136,-0.3900274827263844,-0.36539589468474615,1.0
-3.356459986963559,0.12848048973071116,-0.6947317485398943,0.2038682982272468,0.429438863071107,0.0
-3.4228249136204383,0.599362086232867,-0.19893215792477484,0.05504569555343713,0.20610895669359208,0.0
4.614629218646669,0.9960856149310456,-0.5472925650773715,0.09795112508273492,0.19755453074853907,2.0
-3.3596005373566133,0.4792326283331811,-0.12672970705954548,0.016592980850938955,0.2568924498370722,0.0
4.2523444379503355,1.2086984136129424,-0.33278455779341376,0.9453140011837187,-0.2427617324544411,2.0
-3.4671104791675478,0.7725433605234908,0.20858488133490766,0.4108754812925328,0.3191625043127641,0.0
-3.0971810783431843,0.15305238955542644,-0.6255893876505876,0.4801206467107705,0.3991894755356941,0.0
0.9063520971450196,-1.1189327261756032,0.6289100183285556,-0.24487659434300155,0.029100267309323042,1.0
1.624873767612653,-1.2871376968688948,0.6819369626657344,-0.16955164312116064,0.04564734825276216,1.0
0.6285379312657616,-1.9908910419817083,-0.1547435357446955,0.9380868836560298,0.06273920311221227,1.0
-3.008019829351758,0.4145159338265018,0.22094373096393244,0.22467995877568722,-0.4080910264653068,0.0
5.771076286950407,1.4053065034829226,-0.16095912532329984,0.11254018570772362,0.633480910278725,2.0
-3.2873195706353004,0.14759852628556192,-0.732875485660098,0.17991421874787392,0.48790494461101996,0.0
1.1285784220435053,-1.4498604925811287,0.0647580978535332,-0.33151533980029474,0.209195434081924,1.0
1.13370289681218,-1.4272239726505174,0.01661549333786382,-0.29699066493838017,0.5093643067943062,1.0
0.6813517755146705,-0.5365034754051203,0.5377467324272817,-0.8226277187355132,0.47749788338778865,1.0
-3.109523365819749,0.4864183114414023,-0.054701317168489014,0.3362421955111733,0.27659178488069575,0.0
0.8060532307417536,-0.9633199302796879,0.7179079961659838,0.07018646556628726,-0.5361969573670304,1.0
-2.9426323177946143,0.409226098908625,-0.27255378587645196,-0.10896401837774312,0.11488621518463243,0.0
0.31258842495193545,-0.7902768155369556,0.44138352038668804,-0.5532858265682823,-0.3966778584595919,1.0
2.547709883157184,2.096481478987269,1.6053405125683404,1.7700218657063698,-2.2075630918247504,0.0
0.6065034008850689,-1.1613890921959178,-0.07020138345820706,-0.5576895770046936,0.6273522657652516,1.0
0.8187725428156294,-1.962327204647829,-0.3627146700617078,0.3321891284647465,0.24727208897756056,1.0
-3.15848781477765,0.5549871844828617,0.1416845463796237,0.2812581415862524,-0.3603997938135117,0.0
-3.58563134954517,0.5735975096091567,-0.1281140368777523,0.1239256225294668,0.43825650703355823,0.0
0.1868467357944391,-1.9644922638307927,-0.5864490708237167,-0.6376666018085424,0.41826018347602706,1.0
1.4176787345893513,-1.1324953808192686,0.320566579743409,-0.9735361339616474,0.16926055625977965,1.0
-3.425443216623155,0.49465408668988814,0.07281784129682518,0.5032014873724596,0.341408516488527,0.0
-3.355825300770315,0.6094840118458732,-0.22383218916301245,0.04002507587026082,0.3286213402617062,0.0
0.5713727193678959,-1.2378586542980206,-0.04279159653452378,-0.6484720589145933,0.24732681690448305,1.0
0.5094866163807983,-1.5945349787081415,-0.3209288050214197,-0.8184470595490773,-0.3144149324155903,1.0
4.712509992322768,0.9078860736972323,-0.16968354706120153,0.6688333085511647,0.9113309309782213,2.0
-3.509641123217673,1.0303156506741624,0.7507636459121513,0.35767630508074366,0.0666741530119484,0.0
0.7561529829639579,-1.0277692768569242,0.6502458418531312,-0.1544031872911674,-0.031041672852761028,1.0
1.3242687886691284,-1.0111583376960314,1.08065412890338,0.2877209044437562,0.1827393082420611,1.0
4.921662412064831,0.9650556429931956,-0.7137353784673868,-0.2865085222050795,-0.6362047763370641,2.0
0.880757883104817,-1.6325670676599962,0.19237338818527377,-0.6138397773685914,0.5163393940459392,1.0
-3.0158685911312366,-0.20024775735128894,-0.4119044161597931,0.4745974808233302,-0.13572426051972955,0.0
1.1390550995089244,-1.9542011062200189,-0.4089977724612828,0.7068671118671481,-0.3471822215711967,1.0
-3.531294644593678,0.45698092091576753,0.14327715285909676,0.5480660663877156,0.31775569620685895,0.0
-3.2216403251221624,0.057364265250511325,-0.4776140308069649,0.5517243366332154,0.2534091091770828,0.0
1.072800226266587,-0.9436259574367397,0.7137324576247752,-0.9759728240875742,0.27614280734290664,1.0
4.918732160949762,0.9131935778794789,-0.17157135260275108,1.1843369515406312,-0.14541421562567045,2.0
0.3193569667749554,-1.745644929654536,-0.6340568761306623,0.20746415907499835,-0.4133259724317968,1.0
-3.6299608678233573,0.7610389744344132,0.046563688489043416,0.10893302830120354,0.25112186950331733,0.0
1.15853792113375,-1.4903596773862489,-0.11932593950041334,0.07757213025666686,0.2749993259669747,1.0
-3.3054210190737834,-0.022675593874235664,-0.5847443700392121,0.16535431504334783,0.16595590405304,0.0
1.1277547911303103,-0.5632159342391486,1.3589736700646193,-0.6798433728093393,0.1049578997362585,1.0
1.3955052606097658,-0.43187216345275226,1.0670124348203263,-0.81982007604997,-0.20194014304193017,1.0
-2.932441920703407,0.6543331629023909,0.04678682641154847,0.14682456246397244,-0.1130074291462819,0.0
0.39307138184183954,-0.7447764513237664,0.3871100483827685,-0.6295702320205623,-0.45220680152691656,1.0
-3.505499876649053,0.6469931492680059,0.09191991810558998,0.028598046045538606,-0.0819876120312392,0.0
-3.0462537845599265,0.8839913055563672,0.640353033990962,0.1265129255277528,-0.3599155599588092,0.0
4.669434562341023,0.7552581143831228,-0.6287473103365169,-0.08059071104907232,1.1941849516694516,2.0
-3.4307248780604915,0.08672593324524892,-0.6084454069040212,0.19329770284470502,0.07080390881881204,0.0
4.941258483649543,1.814875468880284,0.4906805641612133,-0.36803227869511024,-0.7058142293256453,2.0
0.5031733124342889,-1.493986993206972,0.03940133791061828,-0.08389109441498967,0.43250432432520725,1.0
-2.937244979915337,0.5548892429522001,0.0989412176222276,0.2330914341118326,-0.21384975247255894,0.0
4.6997173042078515,0.7217405152518191,-0.39737432172861,0.8364684441826915,0.4305077878611451,2.0
0.3470272649800971,-1.8587861328037787,-0.354891333705232,0.6615098307467276,-0.12070076781050282,1.0
-3.69696048067348,0.7509170488214069,0.07146371972728129,0.12395364798438001,0.1286094859352033,0.0
0.8199417512565629,-1.2833517047075678,0.3165267391686904,0.5836168639289714,-0.3836938691245893,1.0
4.52304896289003,1.6001644731602496,0.11628377596272779,-0.1339021973382419,-0.29060396156331,2.0
0.5415878160756946,-1.5122077122738482,-0.022993197175762547,-0.03348177272125698,-0.06869217853156205,1.0
0.33377994009057244,-1.386829485473695,0.139979845595119,-0.5217627752656383,-0.1080955143905251,1.0
4.255195640988402,1.0288394851260447,-0.3158913969373888,0.6041533713163734,-0.009870137062446478,2.0
-3.2598742803303313,0.5268396369803764,-0.05820472777993617,0.4535573033852812,0.30158457568358027,0.0
0.10952064884274339,-1.4473910804498555,-0.01776880633799276,-0.2672770273780915,-0.03557631100165801,1.0
3.0193572869054623,1.2655405797747081,0.39965639981826967,0.22910013454033418,0.31492585975962695,0.0
5.8115265639694895,1.3188538895226896,-0.10232902990009464,0.1881617189015704,1.1464208674459222,2.0
0.21523298578472125,-1.3010030691990357,0.3351588696333463,-0.07451090272471801,0.33371963081615197,1.0
4.924294877290753,0.9515607024339072,-0.2866968141707995,1.1409772074747055,-0.7156811724496073,2.0
4.654803127403935,0.5486802041366958,-0.9798633597887008,0.8352028344686595,0.9775713189937897,2.0
4.963447788046369,0.8736516104723853,-0.10607892506272075,1.0074107499867069,0.036385547654535964,2.0
0.4664331182446851,-1.4190795045953823,-0.20409095100930705,-0.4730137383676541,-0.2632989079241367,1.0
-3.0510622405806482,0.002502311117674642,-0.539203391912088,0.4671366101111888,0.057562635040260775,0.0
0.5876529196925092,-1.1010948348180778,0.7195840881497211,-0.06132081569359439,-0.04827318458841357,1.0
-3.3288447283967173,0.6170685739376873,0.22857945688078218,0.390068259777539,0.007338245528873965,0.0
4.8948666595458175,0.4151488376841798,-1.2863106918639333,-0.09718006808102207,0.6376140892815582,2.0
1.4304408370617177,-0.513380735729539,1.2847916668481205,-0.3401831893125225,0.3268076322635447,1.0
0.7705109088486288,-1.5407445757440281,0.442168680255201,0.14994725649896504,0.18007732252923475,1.0
-3.286178514072084,0.5163428867717207,-0.1913608559436813,-0.025228018220827052,0.18726592732058267,0.0
1.7706705502945148,2.551705967721038,0.5122678756801412,-1.3883232931366556,-2.273497211729019,0.0
0.7703708368598,-1.5495943592734098,0.5245865986888368,0.685229059685786,-0.39335921756085257,1.0
0.3694058840685684,-2.0115701173561753,-0.6140793722864408,-0.7822476812954003,0.31465517026573664,1.0
4.5805629310653755,1.6310410881183777,-0.0015221050705517822,0.6829727075023141,-0.3230644620928053,2.0
-3.666165509095649,0.63022468358614,0.14949433327064637,0.0885445132253717,0.08611363628052587,0.0
0.5697356138054174,-1.5296370268219563,-0.0023339480899661302,-0.01865843307235361,0.1526797683229985,1.0
0.7937558316754947,-0.49389364790706364,-3.5097931167307377,1.5657075810502872,-1.2577849809661814,2.0
0.6072808209503711,-2.0193879701773976,-0.6013155914338192,-0.4268275053395952,0.07022147917726446,1.0
0.7518300852612746,-1.3084737730070717,-0.03984913103211617,-0.6129602049002013,0.32962558643052653,1.0
-0.04156519649537985,-1.8039464416844748,-0.4708780136252965,-0.08268785198751243,0.06279901843008556,1.0
-3.076430711661267,0.010329509556743291,-0.5230175523537357,0.4357167836741648,-0.02161912830873179,0.0
-3.423922017452577,0.2163575352120755,-0.507607473748305,0.631010312489497,0.8069361591334421,0.0
-3.636719775700194,0.6171471819329539,0.17856506922621385,0.04204279862377052,-0.18482219566189984,0.0
0.9697012014850909,-1.9910634769272373,-0.6390113154909202,-0.1277791565916728,0.17846102458848398,1.0
0.7989222288400514,-1.1357205824056036,1.070011072257698,0.6589947382660787,0.3704738988910692,1.0
0.5284017115260786,-1.510663975175423,0.10563341678590195,0.4828105352088554,-0.06175045241588737,1.0
-2.8967346509545258,0.251456585148884,-0.21147333953398753,-0.1461704466465846,-0.3986321905163644,0.0
0.3481229782237695,-1.3628298386024067,0.18600074875158726,-0.566467196357406,0.09199120971336881,1.0
-1.5931988992608517,-0.24994999887346117,-4.409734677935036,-2.567558807654903,1.9718605253203487,1.0
0.5736707095146933,-0.8435709098421481,0.6733705503000268,-0.3820264090449499,0.15371624983361468,1.0
0.907391959813291,-0.993339417088504,0.7278017614738267,0.16597436743180002,0.25882715937780215,1.0
-3.158576972504725,0.051544923002843794,-0.714006667807484,0.0817123168998156,0.026702859020060477,0.0
-2.6185096816879385,0.2412129537089971,-0.11878570055713482,0.18830210766255293,-0.15756090861818067,0.0
-3.1620796959023774,0.4162691973581158,-0.005074145474808487,0.40312754894309655,0.38160110959701726,0.0
-3.1223434603870417,-0.025611836379020522,-0.48781594890991803,0.5000241493867583,0.06314285552854922,0.0
4.6327044982922425,1.5601179722169247,0.2778433459761577,0.24258863607693434,-0.32379048757131107,2.0
0.5507644574689547,-0.9035550004808143,0.6803244706714228,-0.3015881487683957,0.2098147338425259,1.0
1.3504978839364845,-1.0604056824681682,1.0560445214524519,0.3380689576560883,-0.6327236467762555,1.0
-3.200454011498196,0.4844298457981357,-0.21802115849040832,-0.00625082374764969,0.4092074151167298,0.0
0.15060134385717208,-0.28109562068613786,-3.1407771814858583,-0.6968397322940172,0.4197563825986222,1.0
-3.064846521482696,1.0196872067210778,0.621587029486031,0.12615109899118968,-0.05328668417203672,0.0
-3.119564133737938,-0.03521395248806023,-0.45097086026576944,0.4834276625986377,0.20533303903411693,0.0
0.8548551284659909,-0.9089885209945202,0.9178795976183379,-0.4651516895710067,0.2725749141933212,1.0
-3.0174204055425324,0.4957537938279834,-0.35393205125400096,-0.042403369371597895,0.006206181442825961,0.0
0.9845229351378573,-0.9175610966426042,0.8856850784169847,0.06302088606673246,-0.5754987083981273,1.0
-3.089387206636597,0.8384478435115638,0.7123997260789283,0.1742238044522256,-0.1329633926159603,0.0
1.0796992165630948,-1.1328395358078436,1.2105656599437122,0.46074692344357043,-0.3601826146897555,1.0
1.5917697189808018,-0.9732639792679137,0.7647291791759527,-0.29761148838587376,-0.23278387203580603,1.0
1.1832189211360515,-1.090349555306329,0.5136966004235076,-0.45458218090609653,0.2592435530244919,1.0
0.341234556032314,-0.5822964758264997,1.615020029752059,-0.23252542026971088,-0.19178323439124095,1.0
-3.6294544974533847,0.6487798128054099,0.11717875882857856,0.06763401368948872,0.05130037502228107,0.0
-3.1542309341228982,1.031032888535907,0.6277740016489176,0.15321002689545324,0.10923434365144002,0.0
-0.4976372656719466,-1.2807108761049912,0.2441040726138827,-0.5535919708686807,-0.21252642109424943,1.0
-3.3241254301030705,0.9951153068963622,0.5524446685967244,-0.15010124949233392,-0.023037296636623808,0.0
-3.298471759574926,0.8678095115063013,0.5815683499818719,-0.18420282933628482,-0.3155685929742311,0.0
1.6086168431354895,1.4372541320224557,-0.3078697728610532,0.4058455399925971,-1.3733455269048727,0.0
6.008680044409574,1.62698671050973,0.6605010712701883,-0.12107700784496556,0.2987468836983879,2.0
0.9469090467694844,-0.9177537414565433,0.416607728089372,-0.8287008945379176,0.38242614039526684,1.0
4.274957347662624,0.6583957578500895,-0.5355462029302868,0.2605640612613419,-0.2527338191549944,2.0
-2.94661668526072,0.42815605272354434,-0.14681320091653713,0.3639314233756584,0.07187921872127107,0.0
5.019162852429774,0.7503067111577469,-0.6459596767805248,0.2475855577517274,0.328794809178269,2.0
2.585267244340301,1.8830323798681632,-0.6112883086678066,-1.6936934649098039,-1.7121923262256182,2.0
3.545738699978918,-0.7899528918149619,-0.3330613589974438,2.0333222733260583,-1.2657467294100913,2.0
-3.9027033438190144,0.8005580211930698,0.33487546875927815,0.5990038212053761,0.38917461891771277,0.0
5.257021860157081,0.8723422884099109,-0.23498208152022038,1.0236492400515609,0.37845970814642815,2.0
-3.6479068739885037,1.1857904372599657,0.7307690703662769,0.3784835265957375,0.37849841179583854,0.0
-3.1642755390188126,1.0090023737724907,0.6523152234024047,0.14421529861785595,-0.2690784105383086,0.0
1.5566511817592323,1.0287190776744801,-2.0478847021755278,-1.6885596775954095,1.3560581779829561,0.0
3.1708135692554245,2.8587155576804997,2.0248478044615688,-0.792755384678031,-3.094929738145481,0.0
0.5718661255110092,-1.470083655270476,0.590822260104199,0.7792158382281693,-0.24699312507302715,1.0
0.815336756128389,-1.4810303383976828,-0.24484724341754835,-0.6625329661346998,0.14480220098760246,1.0
-3.5164909332169114,0.5927155461640075,-0.16625777399795608,0.0999715430500938,0.49672258857347124,0.0
0.9180446812492304,-1.5872498241080053,0.1396602788685646,0.17030774611988383,0.6547325768503817,1.0
-2.9898671782527004,0.4826625157961267,-0.1505222828014327,0.35090537723658843,0.3215298279130302,0.0
-0.04966984788077281,0.43784068106054647,-2.392999085284798,-1.988007373355137,0.4099173827288169,1.0
-3.1900424434845416,0.7367563451138907,0.12662500319362746,0.273760148763326,0.353205335991379,0.0
1.0291095963201833,-1.1962027030558646,0.7043452085894149,-0.39653139782828234,0.16237402737329065,1.0
5.621075889134934,2.006329455197047,0.44119267954641583,0.09465445894051439,-0.03032758388345533,2.0
1.1514840323947435,-0.9673701075778259,0.8563965237731282,0.4321706804548119,0.8730023400763525,1.0
-3.6075321153021997,0.7253111764719449,0.29811606145728137,0.46771710004747524,0.2662766432611396,0.0
0.9814203552425195,-1.3624361309615596,-0.09376123472225381,0.12822331110374038,0.6856831480373113,1.0
-3.265312820870183,0.4833040311269741,-0.20636483313413673,-0.00016366386066997,0.2226487295204142,0.0
-2.9930589313063294,0.9355421925887698,0.6408146568233962,0.051964545103905295,-0.25868839914136155,0.0
-3.0722177837375932,0.5006354041444208,-0.2697674109773291,-0.06315371098399293,0.14782682400680688,0.0
-2.791389593353976,0.40138891255200776,-0.35254772143579416,-0.14973601105012566,-0.1751578757536601,0.0
0.5968225057497502,-1.4713173633622951,-0.09032258269008778,-0.09298471213467442,0.19202411847477988,1.0
-3.4233024131450196,0.5036501976317327,0.059574135414858904,0.494268027576263,0.27736221446032533,0.0
2.0538817627251342,1.7672410686801316,-0.39139451564304456,-3.495655856451348,-1.398379793761647,1.0
1.0994077333218433,-1.4013427507633274,0.21466101068467006,-0.03697680651971015,0.13704075876700106,1.0
-3.1367112248217586,0.40844199891904714,-0.021259985033160806,0.43454737538012067,0.4607828729460097,0.0
-3.608689048885781,0.6997677925022316,0.12346854433914842,-0.003870786790869117,0.05924819304157084,0.0
0.5343362971904234,-1.9607863400148027,-0.7951907358893169,-0.8242288382906546,0.06859474392702075,1.0
0.6322533381006166,-1.5031784914179378,-0.11781821914276541,-0.08603352509905289,-0.6733875591225729,1.0
-2.919203818358538,0.013750051401842503,-0.5757597485065971,0.4460288305410328,0.3666337042046905,0.0
-3.2280833988153064,0.5460007713668412,-0.11412168498418664,0.4581767504337154,0.18862743294796894,0.0
-3.039478050402077,1.011860008282009,0.6054011899276787,0.1575709254282138,0.02589507917695577,0.0
1.1848732328379232,-0.5003117207112153,0.9038058573703651,-1.5622773451769754,-0.0008627021028933933,1.0
-2.616368878209803,0.25020906465084164,-0.1320294064391009,0.17936864786635628,-0.22160721064638206,0.0
0.5395345211071483,-1.8420736823492136,-0.5433189494004551,0.06820477730160236,-0.45334093418044197,1.0
-3.169191832168327,0.510006629773639,0.20790307578945416,0.3259254405672354,-0.04016828367250508,0.0
0.4708749120481848,-0.7443375438406418,0.9070926882471462,-0.22235640745255938,0.035062258992661924,1.0
4.877358438012209,1.9409733115036147,0.4935051648330845,-0.51059835188941,-0.26110104796895883,2.0
4.997996063592656,0.8888058989251303,-0.8571328690221822,0.32624370154748916,-0.5575142764121519,2.0
4.74041973865224,1.7002409309934203,0.9577938575564001,0.10622002328734799,0.47691113237715616,2.0
0.16370016712557361,-1.9492993026572722,-0.4757834693176597,-0.11851569318568267,-0.12651285678569058,1.0
1.0269931077420396,-0.39536592537756,1.2761264588361296,-0.08720816096422197,-0.41096061975339065,1.0
0.8295576591399243,-1.9189769981459994,-0.321209731641867,0.8470260243398448,-0.4745043960479695,1.0
4.8180812954829575,1.2850789137573904,0.4724277393306961,0.9796011202275613,0.5030825466468997,2.0
-3.226082955724821,0.15368215901884075,-0.7597217069087813,0.138031951194707,0.10401196993298273,0.0
1.2601593919095995,-0.9285699780578355,0.7841734669901371,-0.6591699093365565,0.045237154762013204,1.0
-3.2107066981572,0.9289194168161291,0.5629581042542043,-0.2707282494998187,-0.1851083913868269,0.0
-3.092054859179184,-0.03404503998528439,-0.4804004057060876,0.5059140292394652,0.22046850035490836,0.0
0.7350546310720781,-1.9051834407367414,-0.49083760036738794,-0.07160899799686438,0.30885056769779107,1.0
1.1916305752922323,-1.9664484792709078,-0.5876421746856602,0.1770467184196585,-0.02321158722245307,1.0
-3.6070696976633045,0.6273122053775744,0.1358918179039293,0.05559570546840136,-0.23373303636931003,0.0
0.5827793871868278,-1.3697884112038674,-0.22065176865077252,-0.8615110247357084,-0.6471573461953944,1.0
-3.2276131492202222,0.7295800076235158,0.08354623371354554,0.2781112836218732,0.009890546510291295,0.0
0.9002014319899386,0.06159677187161647,-1.494623110232143,0.65131496750927,-0.3110972904294631,0.0
-3.234713891012803,0.9855325243227174,0.6820474736528374,0.22949443234773345,0.16476328671876478,0.0
-3.7246266343347494,1.1141406839098682,0.633996408014246,-0.042349901374644235,0.30514278612096074,0.0
-2.999907946170889,-0.0389697481333359,-0.546791825898713,0.4980908443240528,0.2502710820664514,0.0
-3.268397686055667,0.22651257073914738,-0.6140888210715792,0.5723714002247213,0.38879946413874705,0.0
5.520521615888962,1.3024089317735668,0.025518778125277468,0.2321133030703152,0.6850348330018353,2.0
1.19729872540637,-1.0963382765611103,0.6673085951395401,-0.1470176014864419,-0.06256173148219038,1.0
4.884288150950078,1.4231522229941655,-0.21893173151820786,-0.36811619077567803,-0.20990125909123386,2.0
6.435266422438072,1.9122687936351557,0.4643118622844067,0.10138217807261563,0.5590387548653376,2.0
1.1883261342049964,-0.6051667369767161,1.5977622018763569,0.2431056622751319,-0.5013936192456896,1.0
-3.350594841993553,1.1195397034806858,0.6807659571823136,0.23826334564163984,0.19155413411106387,0.0
0.5455922823778968,-0.8696642837517555,0.6531776164742429,-0.34578565620231944,0.18937059914958634,1.0
-3.2295458709352673,0.2540638109002617,-0.6596481013956134,0.5425274408926415,0.28993990085230076,0.0
1.2641238807819954,-1.4162824938970204,0.18446484886186382,0.007995367996439117,0.48412559880559514,1.0
5.192957575099387,0.7316146001438611,-0.6538686944791524,0.06614806341576775,0.6774754581173376,2.0
1.5818241064542655,-1.6112839719221819,0.37796405182707926,0.33206187342532517,0.40381738108738574,1.0
0.12327420577869487,-1.3866925036790787,0.18020443773581452,-0.3194147813937956,-0.42196290207134907,1.0
-3.5409146970209116,0.8425237824149805,-0.06068460704274033,-0.003085216335862849,-0.06059228167681241,0.0
0.5807123394186507,-2.0335660226164616,-0.3887682342416795,0.12674968755299412,0.03166909371128246,1.0
1.182305592500905,-2.0087075692926013,-0.4052886905763874,0.7198931580062179,-0.5968328307629561,1.0
-3.2239421522466856,0.16267826996068535,-0.7729654127907473,0.12909849139851035,0.03996566790478135,0.0
-0.5438020308849799,-1.5592887824208292,-5.304953411302908,-0.7135542767892946,-0.19844147218746916,2.0
-2.960578631525908,0.08429338062891291,-0.8508573995623808,0.0290245529691474,0.08015826101327178,0.0
4.846871679426432,1.3066227289309056,0.3543601440862612,0.9765946623948563,0.0760436552001569,2.0
-2.8855331124750303,0.29903048388201375,-0.061367044169341564,0.33441216846935695,0.18670901389295283,0.0
5.729892300408306,0.7210184071218578,-0.5416611738790948,0.7356000856918874,0.9390871631168715,2.0
-0.5624906541569573,1.4372122167362946,-2.078301203885898,-2.071871565775669,-1.4068620128233353,1.0
-2.889140225050852,0.49769916163963585,-0.17283898984803509,0.27151612335941766,0.04501377548231609,0.0
-0.3467724762834276,1.6768316212165923,-1.1617443934439138,-0.8265003283612585,-3.0402717370148777,0.0
1.0849926521414037,-1.5523428091299878,0.12477266449124567,0.618842702738282,-0.2789441176360747,1.0
1.2102154121944944,-1.6601139880420797,0.04075023352638367,0.03139512008084379,0.21775285248267687,1.0
0.8007504489154386,-1.9244977235436975,-0.3001916730713197,0.8858647119495217,0.002667921428225316,1.0
0.558890359902502,-0.9133425159414266,0.6105143923812115,-0.25706870692736966,-0.44870741384060236,1.0
1.1653083926169996,-1.2744366011353652,1.3014811698842927,0.4102559005199852,-0.594432532937866,1.0
4.921225356017851,1.4556203184274106,0.5632850641428264,1.0226803159194489,-0.0746711618768683,2.0
1.140531177636806,-1.1894417033634717,-4.523248508458473,0.46939374752166346,-2.0789133571392466,2.0
5.457177046230017,1.882471168168136,0.5097022788620419,-0.33421289812676314,-0.33506664781195217,2.0
-3.9027033438190144,0.8005580211930698,0.33487546875927815,0.5990038212053761,0.38917461891771277,0.0
-2.720316455310672,0.896023145830113,0.35250287655316165,-0.438106247800267,-0.3967411485557569,0.0
-1.3079013440975207,0.3919034079851637,-2.271660059631304,0.1031721982134932,1.7520972008761857,2.0
-3.073526806310547,1.0837526880710855,0.5988060790410337,0.10114801311243325,0.22559696578967908,0.0
0.7910624364232819,-1.5848433790247356,-0.03302129566763036,-0.20493680086163643,0.12361720401390522,1.0
-2.977098286345982,1.0968202018067228,0.5059272470844762,0.07545790860462785,0.1273069434448196,0.0
4.4392862521170375,0.9158933517625314,-0.13104633544620048,0.8683350025137906,0.34685855567288115,2.0
1.3104891352325037,-1.113500306598996,0.9269562846583531,-0.1036749698501765,-0.7408925337093779,1.0
-3.4471936377861376,0.24744103512762144,-0.7375046539648055,0.21983464628891733,0.3635199086068352,0.0
0.6581087864893039,1.042428844638454,-3.3239548202809535,-2.9629359238817337,0.35242676628354896,2.0
0.28046011590115827,-0.8963000549951728,0.6733888524969366,-0.6539647447807114,0.3609690821328401,1.0
-3.3457957777600877,0.43780366691378475,-0.15209136113021715,0.0761207415916103,0.27817767258773907,0.0
-3.1936535510388273,0.1542450663544217,-0.765549869586917,0.13498837125121707,0.1972913127311405,0.0
-3.6133366658243746,1.1953494555373911,0.711697201806175,0.36650648685605103,0.407731452565795,0.0
1.50810098753452,-1.5429338982380854,0.21641803127910247,0.4776053706530103,-0.3774823797867143,1.0
-3.257367466869873,0.022261863003372864,-0.6331896793649957,0.09211348953455754,0.017147618187557584,0.0
0.5973805811925325,-0.8650710786513243,-2.1438341928169016,1.258857954007263,-3.6191412136064107,1.0
-3.327845776616477,0.7942321606053235,-0.055593815905598795,-0.11755402430075391,0.16501991514481978,0.0
-3.3190251314009753,1.1314814025451614,0.5995434505820278,0.21866040102081427,-0.09329457383011097,0.0
-0.5692455906538555,2.0322735676717523,-1.0433127348219753,-0.7905308330847942,-1.8158340998214875,1.0
-3.4833982790584295,0.11662674427934845,-0.6345740091832025,0.19944613121308538,0.19851167538404363,0.0
4.384561680404261,0.7204767950969375,-0.15065173477237795,0.5253893799201431,-0.6935921589833527,2.0
0.5555955231632818,-0.6665847672091308,0.5934924905864075,-0.6873301124645916,-0.44874747328047865,1.0
4.349140070598049,0.9209643873230453,0.004519297298094638,1.4025065308198268,-0.32042686815695026,2.0
3.757434135886977,0.542683953535404,-0.9967906096997062,0.5822265596416394,0.402876128285327,2.0
-2.8430175503105906,-0.15245266596416215,-0.5072637589603025,0.41471228212489786,0.010440943330052577,0.0
-0.6197772498383874,0.5500096894327178,-1.620571435436818,-0.3177576544023529,-2.9550886764478115,0.0
2.501808461722877,1.50478745392044,-0.8360841452078975,-0.004580892807271672,0.7394366586805375,0.0
-3.412831511385099,0.7235201391864561,-0.00013848153378233423,-0.047625090925340736,0.1767498970629836,0.0
1.4601429402613144,1.0027872381892093,-1.9370182813548675,-3.2646086614935776,-1.3745219188855713,1.0
1.4208742046534648,-1.5386151952572287,0.3064108342339103,0.4598986089841053,-0.329141080020891,1.0
4.963541294409999,2.0871686462653387,0.33735579947742045,-0.4679084494234924,-0.5393927770046099,2.0
0.7716690049542616,-0.9933664166355188,0.6279987390193187,-1.2300071181201575,0.09117000945363435,1.0
1.150503856507387,-0.8885234771145107,0.6226138969767071,-1.0356607427517337,0.07842368077001431,1.0
-2.8931524142456313,1.0419389141384912,0.3515801695673891,-0.4053219865455868,-0.11414993054182307,0.0
5.386707327874786,0.4869851724915228,-1.0653153740708226,1.023207890013232,1.0418231049812885,2.0
5.399520417445294,1.6759559584360506,0.512230668570419,-0.6360891952079876,-0.15980004590214364,2.0
0.6118157498553582,-1.606567567711008,0.20452318803634256,-0.4322050029983588,-0.1762255853158042,1.0
-3.2090722650490378,1.050174689386977,0.47909932803270333,-0.2383626946843004,-0.04933319893399188,0.0
-3.073064388671652,0.9857537169767149,0.436581835487682,-0.3109733814666406,-0.27441271384077054,0.0
2.3927893740914477,2.8775076200312317,1.719656350713564,-0.3781309677841179,-1.2379514433890835,1.0
2.713546690458638,0.8445612140655047,-2.1208891630294784,-1.5264788377914256,0.18002640494355907,1.0
5.071301924330254,1.2536132839306144,0.1809682158475565,-0.373747901526583,-0.07949731626377957,2.0
1.7226115680069813,-0.5862448996636135,1.1858816215059398,-0.4790958153515625,-0.11017209210416,1.0
-3.208835312440556,0.3756835533754294,0.051782650720746344,0.41504332020138235,0.03810161666551357,0.0
4.985882046101697,0.9597904143256996,-0.5040323505920182,1.1157692488552151,0.6379137979764703,2.0
5.138346880499921,1.1365232758284085,0.15669073186891638,0.6340662689256729,-0.47031592750997403,2.0
-3.1133274732514384,0.5641379781588476,-0.2867201987441907,-0.0851132169192594,0.3334311311703648,0.0
0.7592661685691159,-1.9385540231455236,-0.6816709570438731,-0.5117770583981847,0.18100388082721505,1.0
5.112203408377659,0.4445761932819091,-1.0218582244664314,1.2505712705473622,-0.3532476866631593,2.0
0.6406703223648162,-0.8334489842291418,0.6484705190617891,-0.3970470287281262,0.2762286334017288,1.0
1.3817703550388973,-1.0853861591023006,0.8755688416561832,-0.1365625091257461,-0.7464727541976663,1.0
-3.3975076452003945,0.693662425983971,0.00821690066135207,-0.025199992765914014,-0.12238109377777254,0.0
0.46606479750023594,-1.8226567041280834,-0.5539772592291685,0.10035294380135935,-0.10398967364450955,1.0
5.02320727648459,0.5974099926281152,-0.5176524763394844,0.23022832183585437,0.8728269871592284,2.0
-3.2954314538161693,0.6010842082453994,0.03486007120254748,-0.09349666680049186,-0.17045716392073834,0.0
5.168599360932891,1.4239284701078223,0.29115912343094397,0.5011896965782523,-0.29190567464025624,2.0
-3.296585291972596,0.5082845077611065,-0.025889153337868,0.4744678029211644,0.3363978369418254,0.0
4.6794241275986375,1.3790179165027576,-0.009142869094757275,-0.33944169289291204,0.8577718836956735,2.0
-3.2830379636790297,0.165590748169251,-0.7593628974240303,0.16204729915548063,0.3598123405546172,0.0
1.1135920130315298,-0.5284258682079106,0.955193300372535,-1.5293898059014057,0.004717518385395041,1.0
0.5180498302933398,-1.5585505349407633,-0.373903628549284,-0.8541808987338636,-0.5706001405283957,1.0
4.437324347854653,0.5338397728701364,-1.1500485339173534,0.7227180162960115,-0.10370858349269785,2.0
-0.9420946343063058,2.2299970977092602,-0.7741966767743854,-2.519078221132626,-3.2943784718818176,2.0
-3.327652776739073,0.13400121512840923,-0.7157498071104418,0.1650296106175698,-0.04773345440508797,0.0
-3.0843760656615773,0.47137167768034466,-0.0961927061228766,0.3434396302789373,0.1838819830241249,0.0
4.4513491041527775,0.3885808275354965,-1.0569564863855834,0.11901908402468338,1.1700478975330812,2.0
0.8473827581842476,-2.0777554902903077,-0.5042796645292633,-0.06510892646542428,-0.03136564379832875,1.0
0.577260623576915,-1.4224157262929285,0.1273130068101625,-0.4473289007024243,0.22329779577795542,1.0
-3.902225844294433,0.8962699097942041,0.07636917541964429,0.15978148918254995,0.317921361150979,0.0
6.10186682008614,1.7476553114487774,0.6930013942228342,0.28195076901442384,0.5582763574784103,2.0
1.618900943514594,-0.6149219544958897,1.2430972271862453,-0.44316469613250303,-0.19787121441402938,1.0
0.7043999743426471,-1.5657203166310691,0.15496702260606418,-0.5202814689395834,0.2559139359660619,1.0
0.7804705044690831,-0.5737206875615054,1.4121532360376416,-0.4308576527830231,-0.5961244385863617,1.0
1.2009246106780713,-1.4399239663196954,-0.06679710031906436,-0.2854200308543244,-0.4690045135386579,1.0
-3.1324808205260624,0.5285617589929088,0.17558750134738632,0.3050149410313524,-0.07498154493074988,0.0
5.673612843996121,0.9798162763874535,0.4041411313883789,0.7189525120042304,1.0501135910084471,2.0
0.815378213533081,-0.9210608402579945,0.535554512056711,-0.4726599740202722,0.037424286173472626,1.0
-3.4212128123274588,0.6147738467637499,0.269665327677372,0.37366905302369124,-0.1943559013882331,0.0
-3.0901510083095296,0.6494422069681072,-0.06632743427609787,-0.15642544544241413,0.06898738272720152,0.0
0.8850691913002212,-0.47019244742183475,1.428990139366584,-0.029096109405007134,-0.19356369324304468,1.0
1.4382973217337733,-1.0854002255726958,0.7170498409064178,0.3990412820259016,-0.04445820533904175,1.0
-2.7546785817117114,0.4199440417712777,-0.38486329587786217,-0.17064651058600874,-0.209971137011905,0.0
5.703269711467364,0.9850243407529408,0.053692322847291384,-0.1762949944322245,0.6494327898290608,2.0
0.8825304113777527,-1.8446041918314129,-0.26223554639074215,0.7458863901487651,0.7276039686705565,1.0
4.865233239247983,1.8667680705942704,0.7307796624806668,0.09484357475192569,-0.07213172515050494,2.0
-2.979663949858945,-0.06943346650301606,-0.5148350609413961,0.49498599589916215,0.029283972703061878,0.0
-3.408549904428828,0.7415123610701452,-0.02662589329771455,-0.06549201051773391,0.04865729300658094,0.0
-2.580372318700601,0.8475434412805245,0.5214779897704218,-0.055725534532383665,-0.27260202973739883,0.0
2.621028825546409,0.7171822133355459,-0.7548829341695837,-2.653541935693139,0.8334645909456142,2.0
-0.18208342485086365,-0.7753727664346283,0.6783261598516628,-0.36804090867544087,-0.05695249723425935,1.0
-3.211228150412859,0.8474677187496275,0.5886250837009512,-0.20232829744435188,-0.4140433187695065,0.0
0.5394378833470672,-0.9488117874672609,0.6078329644283195,-1.0692828432858077,-0.6362082311663542,1.0
0.6089244766031884,-1.7295062334360842,-0.5574989720375252,0.4896063874112289,-0.28624971514085057,1.0
-3.4109601256684545,0.17028427574575672,-0.5113139350672397,0.6381464787758604,0.39995990511532403,0.0
1.511808214346557,-0.9373126454146011,0.7933356717331252,-0.28972703498906077,0.05167999841419833,1.0
-3.2753574257660976,0.46127351636355757,-0.18182361138064995,-0.009158392138267144,-0.15566402466933432,0.0
0.27836849272029207,-1.5321098488182767,0.26644434078773266,0.5339837005159801,0.21873839768990264,1.0
-3.330508032350271,0.7037843515969773,-0.01668313057688577,-0.04022061244909048,0.00013128979034149313,0.0
-3.4414344768242198,0.7510810771733948,-0.31474769910359285,0.09051609879384613,0.5628712585098166,0.0
4.787843589369528,0.4417003980682163,-1.020831697580776,0.9538148281835861,0.5913242191770156,2.0
-3.380260001916129,0.9156638203405604,0.81972125829088,0.2518113762407612,-0.18829144704524192,0.0
1.0378717671714732,-1.511700000845292,0.20866164896140968,0.0998966668561558,-0.8088823978387198,1.0
0.6913381825929799,-1.4649834843256464,-0.45242771658744646,-0.9943193784581085,-0.02209799710829037,1.0
1.1941138584461592,-1.0591819262663449,1.0871315248535762,0.38014850524352817,-0.5927150025208929,1.0
0.5805432787529454,-1.5815870910768757,0.38499886783261134,0.04242646378347558,-0.06247647789439316,1.0
-3.367826703591784,0.21582773779056025,-0.5833606271552058,0.5904355998513875,0.17300773777247497,0.0
4.2467527658992745,1.4872883092257387,-0.10539137548100619,-0.013373696175778412,-0.7099417402799137,2.0
-3.1818444482944144,0.33271085485760793,-0.10220561731159013,-0.04172122698805864,0.052445113300505254,0.0
0.7809207821762949,-1.5999425132479936,0.3905952702271052,0.6898037919169744,0.7448288639901246,1.0
0.6068296026801868,-1.4106203546409153,-0.023083712341792975,-0.9932801887138739,0.5759319299550689,1.0
5.600356944894727,0.9450233940283451,-1.226989431342375,-0.49889470378011724,0.5647930594015835,2.0
-2.7286029084275265,-0.07879505642266353,-0.6306978940504384,0.33411386392485554,-0.2220914445010848,0.0
1.4648727176323435,-0.7224054504528181,1.541469303181824,0.17439028180139216,-0.6962857149497542,1.0
-3.667576778555035,0.23616018492938778,-0.6193669812852592,0.284560718440673,0.5950979180052149,0.0
0.8444183237929171,-1.2001070428901728,0.8031796135637885,-0.40450349967827204,-0.07155687611579295,1.0
-3.4052521673671112,0.7760518559817031,0.134777917938452,0.39716241652441375,0.19163944119794807,0.0
5.073032782189173,1.7685103965432016,1.162357158950703,0.6899475911241106,1.1303501576817523,2.0
-3.005149491854873,0.03844365705343857,-0.5744049953559054,0.40282924439859524,-0.027199348797020226,0.0
-3.566061997179083,0.8575704161760381,-0.019193218088352743,-0.010282651103626925,0.032117520179758476,0.0
-2.8668837410840426,-0.11703112953236482,-0.5544104198100309,0.38202202288360143,-0.3390236075809104,0.0
-0.0661058816492808,-1.985185804893989,-0.3800653170323993,-0.03461514652647663,-0.016877690013838167,1.0
-3.3526558795318695,0.050760823013265864,-0.46271286696419267,0.6252237106576795,0.372599516781438,0.0
5.0784217177571405,0.5079244837805291,-1.4478885640742731,-0.20173256576043727,0.46354778299033367,2.0
-2.8585972879671884,0.8577870727204115,0.42879035079356914,-0.39019808884152124,-0.5136733116355825,0.0
0.8139837808243572,-0.8836528639363856,0.3908869327079277,-0.8690536220056326,-0.07761584237893857,1.0
0.8023748643442667,-1.4349570789313641,-0.24114078209861364,-0.6696691324210631,0.5517784550057209,1.0
0.5904739443194651,-1.4120686967396814,0.5133062148228478,0.7524767273209803,-0.12486557899608385,1.0
4.9636872361707,1.7791476709178162,0.7422329371294508,-0.009248206948838962,-0.6906594555678232,2.0
1.108983926312162,-1.0316069218090114,0.9310413080335311,-0.01731409618893255,-0.9086081899326841,1.0
-3.439308755231771,0.5663663284197343,-0.23170935519927696,0.10868357644140157,0.07006853461789947,0.0
-2.51051745023928,0.28788223042496225,-0.2024887180013727,0.1345040688511003,-0.19795439036471413,0.0
5.261377679953551,1.304427488584084,0.21776798445631104,0.7391795764525957,-0.2012428268101872,2.0
5.507891060681851,1.3141557865975642,-0.04593418836299584,0.1987607303360911,0.4761673787937334,2.0
0.8447588738084791,-1.4731277911959184,-0.005050486917065267,0.23559796232175667,0.27576975554660454,1.0
-3.0335740503802833,0.9947067300869451,0.4411113496897627,-0.3484803677906443,-0.1670357915934475,0.0
-3.836860664552473,0.7851365628363626,0.1353279204029078,0.11239531468385543,0.3046585522662583,0.0
0.22290972774871767,-1.706957187756297,-2.4268111772436454,2.5949866626940756,-1.9557349376325028,2.0
0.770537478501847,-0.44380013184594747,1.4766685004838584,-0.009234616268507646,0.06166713643700314,1.0
-3.1356502417645085,1.0872849478255169,0.4144681791485673,-0.28018369375606655,-0.1189597214504817,0.0
0.5267273206653023,-0.8364791006945462,0.7373558062163682,0.1554983328281478,-0.4834950451685336,1.0
0.42783642366511865,-2.0625170310355867,-0.36204713459273746,0.1496348135852669,-0.22765004668801023,1.0
0.830564457516093,-1.7165419900836223,0.17024429157829757,-0.5292966299656325,-0.5435787871670191,1.0
-3.5480154388134917,1.0984762991141823,0.5378166328965516,-0.051702067610002685,0.09428045853166106,0.0
-3.804431259866479,0.7856994701719435,0.12949975772477196,0.1093517347403654,0.3979378950644161,0.0
0.18994787886059744,-0.5601990989352498,1.4621746514185143,-0.5625758075646874,-0.2019273286023615,1.0
0.19056347354995196,-0.7977796070763802,0.8329181997243653,0.3255624731143248,-0.19769120419731287,1.0
0.07800989213805114,-1.8060718891223577,-0.674422447087911,-0.6275288651181777,0.5092820363469435,1.0
0.9171121073094136,-0.9318115893514126,0.8494744550640951,0.6018284150853582,0.20967040148456553,1.0
1.186994157722349,-0.9600981717936369,0.41659411832004056,-0.43115008588677467,0.33097244344912574,1.0
-3.589445748749403,0.7018744369362376,0.2462669956226773,0.5093779411957533,0.1594692619554035,0.0
0.48568199975411447,-2.126308558798745,-0.30877167811637635,0.18768389265081006,-0.3349136785603025,1.0
0.5150089178389333,-1.8296021858632225,-0.5487883025938399,0.08917654531888598,-0.10426122076064974,1.0
-3.446193583305072,0.6373769666885714,-0.029753994000026974,0.5476053504090652,0.7622171203329527,0.0
0.9906389290766925,-0.9135774392667042,0.5275464714831201,-0.507583408273632,0.011710015181174486,1.0
0.18222688700041173,-1.8896539959190848,-0.6610229824286817,-0.7047589989489522,0.39715966417577653,1.0
0.16609050977149095,-1.8468537793571491,-0.4650634607164921,0.31790653660712037,-0.08193402131421332,1.0
-3.370219541564087,0.6876119031647578,-0.0465181941750016,-0.026936017794346522,-0.27913719766254486,0.0
1.3343254297329123,-1.249419033013573,0.6430445795339312,-0.5188233907085857,0.41778880590646617,1.0
-2.9409690138410602,0.32251032124933526,-0.027291198418784374,0.321324853848886,0.12209317092316457,0.0
5.708757662597458,1.2471263401499522,0.054186275717306547,0.8025252597520186,-0.23746794811577876,2.0
1.4038082262044957,0.49706153844796047,-1.797639453746215,1.2157877004935995,-1.1771285044961661,1.0
0.8322800629219899,-2.040678341765834,-0.4873294973283624,-0.06331163295559107,0.4396569122479913,1.0
-3.091488201927527,0.5651091100958678,0.11678451514138607,0.26623752190307604,-0.2378874102453975,0.0
0.49601625957116274,-1.5254870730456362,0.34430089335692476,0.8566764951197046,0.14515838993536806,1.0
-3.3399912272379124,-0.03223461215166099,-0.5656725014791102,0.17733135478303427,0.1367228632830836,0.0
5.142088575471483,0.9921176572609699,-0.5152156254393204,0.01721892351255141,0.7051781685206108,2.0
-3.610094921536375,1.087748368333981,0.5863180468969718,-0.062211394511143776,0.04991195644091317,0.0
0.8922517213959266,-1.2612415889555257,-0.1293803111544898,-0.6698018236551438,0.382511447482151,1.0
-3.180804585626143,0.458304163944707,-0.0033138741663191894,0.3691297347867428,0.2821720053689842,0.0
-3.009616848759051,0.5928150329911236,-0.3439358044244963,-0.12104433613831884,0.42113025348023414,0.0
-2.6125936416235054,0.3804604481635338,-0.2291318885425681,0.20280074288567804,-0.14987832022174832,0.0
-3.305838231716681,0.5930258292347852,0.2003317738083606,0.40619915434149956,-0.021325254299495777,0.0
-3.0527255445342023,0.08921808877696448,-0.7844659793697555,0.03684773788455963,0.050355679301728413,0.0
-3.585474470442654,0.20920496201792,-0.661217179724398,0.26774280524766314,0.2465877455270094,0.0
-3.590587600447298,0.8700419126620292,-0.024662571281737617,0.010689116913656918,0.3811972335995507,0.0
0.10741965355181378,-1.720729813865551,-0.6133840172755346,-0.17526330992724123,-0.14050032863109527,1.0
-3.34052551079612,0.6835167360747456,0.14364786839560068,0.3574392690176432,-0.027859853220541908,0.0
1.1180304990903156,-0.874826193915459,0.39560274576195614,-1.4034395427756023,-0.3150438471775566,1.0
0.5937156886074646,-1.5196697839430915,0.38792705991364457,0.3237588459537853,-0.4826850751209657,1.0
1.3761912693576723,-2.193072600250977,-0.26894856532181916,0.5477138278922328,0.029583478662441893,1.0
-3.127564527376548,1.0275575029917605,0.6199996489603367,0.12330479908197288,-0.3038916717965535,0.0
-3.1097603184282305,1.16090944745295,0.3726153601434679,-0.31716381937450955,0.18915696928119036,0.0
0.8472922569221557,-0.8807611212748422,0.45446438172653225,-0.28502772429643947,-0.12707738804164953,1.0
0.1941280260202568,-1.7691901278670048,-0.8279355428223599,-0.6368074620886043,-0.18963359308271818,1.0
-3.4702967266870055,1.347289639131916,0.35041602246220144,-0.1384909237179142,0.3253177538224844,0.0
0.20830036395337614,0.694408154887619,-1.257277842147623,2.116848915180311,-1.4834659358762399,0.0
1.4472068362775292,-0.6371736619133032,1.5131040871048875,0.08830838940427384,-0.13700796804424284,1.0
-3.4883981751254884,1.1770155189721185,0.49854713808308754,-0.15305082742244006,0.003368713264504636,0.0
-2.8931674961313174,0.8482280544429861,0.44786221935367104,-0.3782210491018348,-0.542906352405539,0.0
0.5372959173468801,-1.4796426735479014,0.6098941286643008,0.7911928779678558,-0.27622616584298354,1.0
1.7298936725348033,-0.5706353585669749,1.2215448477821917,-0.4893368300628164,0.07581705255056889,1.0
0.6357823432638462,-0.4452342338012352,1.4318897781376652,-0.3832500518794395,-0.09216127371786734,1.0
0.4727693047062336,1.084957770870391,-0.9119017581840454,-0.5227687537908712,-0.5764155325136908,0.0
0.769766487078406,-0.618701242270728,1.478371765447472,-0.3861903538020402,-0.27589292844535507,1.0
-3.5643986932255287,0.7708546385167483,0.22606936936931493,0.42000622112300245,0.039324475918290726,0.0
1.34019720536432,-1.2104197804236816,0.3531725779727866,-0.8872569615302561,-0.7339015210684063,1.0
-3.6812851304949885,0.6931640601732617,-0.19448832506484587,0.16542191717545482,0.29419367109192024,0.0
0.8018083003867731,-1.29309272909362,-0.09306785160617742,-0.5906588175101157,-0.11367437582791652,1.0
-3.168663129983171,0.5035909801846006,-0.27393811569465876,-0.0016313766992153242,0.29625027238111845,0.0
4.6918402674772,0.7617653469566354,-0.28362278259952367,0.5045864758851532,-0.3576677599213358,2.0
-3.473678131562307,0.17815457201643964,-0.5129013155929343,0.6353001788666435,0.14935491749080715,0.0
3.3867669913262413,-0.13157211281768655,-0.06733395993471582,1.797585549159718,0.5258398222605776,2.0
2.1361903487636296,2.1691908537898033,0.7949368417251323,-0.23918737288206002,-2.7463953953026246,2.0
-3.5233949877197714,0.21993289279812117,-0.7097185937248183,0.2782521321488043,0.2909562476177572,0.0
-3.1474304736635297,0.7008481090921923,0.08024529055240827,0.2944492218943202,-0.10268175873414934,0.0
-2.679786254351032,1.0305694680274426,0.4559241339005133,-0.06476227234946953,-0.05963733423995485,0.0
1.186028144058199,-0.9994544814325889,0.8816000550418067,-0.02333998759451157,-0.4077830521748212,1.0
-3.1181016616179766,0.2567230079785193,0.09455555614565728,0.3990769721397116,0.10402057112978519,0.0
4.568366277783366,0.9067018535515654,-0.2882658924995841,0.8661925718297271,-0.7590333277748986,2.0
5.183664827168096,1.0806985440913903,0.181211149486584,-0.08520084281855055,0.48872268653365497,2.0
-3.150611139809937,0.5662586890632486,-0.005402746710896481,-0.10746828008428456,-0.26836234877442683,0.0
-3.314041017019951,0.7528031991859273,-0.08095546997627075,-0.05802626356008284,0.18630513789548628,0.0
0.5300546902341526,-1.9787785618984917,-0.7687033241253847,-0.8063619186982615,0.1966873479834234,1.0
-3.218073170298955,0.654135734544613,0.18172152808069292,0.31967373417796563,0.10913494728790833,0.0
-3.578288958135664,1.300620362415951,0.43411903990643924,-0.08469288490646155,0.36571123556901775,0.0
5.011056196815097,0.5912389007709583,-0.5312516514019353,0.7823672777364972,-0.836032470974041,2.0
-3.6888596843998336,0.8849004636831556,0.18071313975276865,0.5003412033786675,0.37243395745284746,0.0
4.862111154955109,0.24367965047818282,-0.9976045645712057,0.9580229933308799,-0.8017034435704986,2.0
4.641130910936437,1.4455482167353848,-0.11436641428068595,-0.18931587072757736,0.48383321433086285,2.0
1.0178409047626586,-1.1363480312660559,1.2843726233401678,0.47445998821168944,-0.23265955157493953,1.0
1.164222199652063,1.8592051207586597,-0.4639138107607954,-1.6990909635072304,-2.2760897690678723,2.0
5.379336466480198,1.458636050939028,0.051097032368890065,0.8047988145602507,0.28123236819007097,2.0
0.5188823958635491,-1.9508445410383837,-0.31630310575812554,0.5615960502408528,0.09592572912021347,1.0
0.5710167231901371,-1.5092621241512165,-0.09097199789408239,-0.044151257545886016,-0.2894945844445358,1.0
5.977724522148437,0.7630733580316083,-0.47054039116698815,0.7310716804801917,-0.1426297102753904,2.0
-3.2817798362005037,0.434285183538024,-0.14209249373475152,0.01764198725032261,0.03647488141526976,0.0
1.0082898590453395,-1.0099571345994656,0.6013070580325502,-0.40319162728321045,0.32615633504718444,1.0
0.9908884682444744,-0.8201280269084257,0.5515101859662537,-0.06222771868463252,0.12033515268085304,1.0
5.140777663107882,1.6122640645263466,-0.012378090269444064,-0.5657931245390629,0.8327605685590825,2.0
-3.45810957391763,1.168582315365855,0.5059626812869177,-0.14716094756973333,0.16069435809086358,0.0
-3.3989189146597805,0.2995979273272188,-0.7606444138945538,0.17081621244938724,0.3866031879469164,0.0
-3.229600761008159,0.32469557367860785,0.04549286521017621,0.4865481206817399,0.030153798646223626,0.0
5.088895976971112,1.2276783255064985,-0.03971497240784609,-0.36780434589893674,1.1229217707658143,2.0
1.9142802537944983,-1.1566888849984247,0.44989977889312294,-0.3189687198158318,-0.10476613775679419,1.0
0.9952268592343714,-1.6135990418522783,0.07420869766724351,0.17901977951119158,0.22807852289480954,1.0
-3.3978856952253564,1.0508355382532193,0.5160144941119632,-0.19323956715337062,-0.10260389747678722,0.0
5.62089948524557,1.8051572344732767,0.9258761423181625,0.43015429280742157,0.8918519572738673,2.0
1.35962766180652,-1.1662855885385341,0.8549967674321514,0.22332480356035458,-0.22345602405542328,1.0
0.050001477027649885,-1.2463265144177715,0.29009306380410943,0.07119275242645527,-0.2711462262357222,1.0
-3.407408052730933,0.5733448853443537,0.2443036736067003,0.4331968137643625,-0.17307067863756626,0.0
0.13459860441324675,1.1170263599283288,-1.468361350675837,-0.5956824302962671,-0.6605134887055176,2.0
-3.1525149906795904,-0.11722855789014285,-0.4194757181408867,0.5548711945975945,-0.11688123114672025,0.0
0.8492413125983432,-1.8337883074380985,-0.3318017276347565,0.732370605414919,0.2561965751330661,1.0
0.2912589811173411,-1.7173914101160204,-0.6458342567276488,-0.34770607598560366,0.586493074497722,1.0
-2.8552047030799663,0.026254657801899187,-0.6628104177850187,0.4233823059767172,0.17506433906167332,0.0
0.5750370259811003,0.13150937023577713,-2.3832533378942737,0.47590988715972443,0.8590989388696936,2.0
4.408669215715911,1.9343813794687825,0.5862226117993091,0.3468947428000898,-0.8768368648473949,0.0
-2.959010175397859,0.8636495127996933,0.6474097677100414,0.10838745741968579,-0.45839028575408447,0.0
4.703577589166981,1.44899754265477,0.4854285115736344,0.6999875213157246,-0.001091154122333882,2.0
0.41424390084520535,-1.7900301587042033,0.27571890773243946,0.0767542492081832,-0.13766469656546496,1.0
-3.042061335330731,0.39854126596003797,-0.24182559196007852,-0.09089981875107685,-0.10090551118163951,0.0
0.5472957743770379,-0.9064401320379013,0.62309865582993,-0.27446583497270366,-0.2770126424489379,1.0
-2.861200509084219,0.9467899328729376,0.6042583002288872,0.03085676553374932,0.05038267002306832,0.0
0.8408206661904803,-0.28093577121911634,0.9143837169636009,-1.4372423304083441,0.27133850451409336,1.0
5.228324833982274,1.5161736679948927,0.07722530282205005,0.7227852459442576,-0.07200223327839818,2.0
0.2891181776392057,-1.726387521057865,-0.6325905508456827,-0.3387726161894071,0.6505393765259234,1.0
0.0008937312008420185,-1.9750638792809827,-0.404965348270637,-0.04963576620965298,0.10563469355427606,1.0
0.9941012854171506,-0.2979298616187703,1.4441788650676173,0.327956813558342,-0.004230282921098745,1.0
-3.3948453894666,0.7841102349923174,-0.030693784667361102,-0.10253340461757766,0.04250753157670565,0.0
5.464900299214559,1.4442509193267186,0.14138999504987287,-0.2685269984987675,0.5603134447562692,2.0
-3.4106907079069635,0.7325162501283008,-0.013382187415748606,-0.05655855072153738,0.11270359503478211,0.0
0.36717711885834553,-1.5702176449658272,0.2806549034994869,-0.29813325041264177,-0.11698907419626141,1.0
-2.889140225050852,0.49769916163963585,-0.17283898984803509,0.27151612335941766,0.04501377548231609,0.0
-2.8041657351901907,-0.12490142580304762,-0.5528230392843365,0.38486832279281813,-0.08841861995639369,0.0
-2.9915304822062545,0.5693782934554165,-0.39578487025910036,-0.0793834949900409,0.31432287217449795,0.0
5.112112557666372,1.7983241129471714,0.8343278708039014,-0.2244743898197946,0.8516121991288942,2.0
-3.3298462197069623,1.1865507729533247,0.5900062060189964,0.20259077493825436,0.24963537815980597,0.0
1.0200519070366396,-0.7807784210706867,0.8577814851724828,-0.09760938675423327,0.0850061993248318,1.0
-3.418539469686442,0.11775255895051003,-0.646230334539474,0.19335897132610566,0.38507036098035924,0.0
0.10309823840833711,-1.4743794132753891,0.021962311307905498,-0.24047664798950158,0.15656259508294604,1.0
-3.3649378801267504,1.0955400566093974,0.6347450540258454,0.28296776673340784,-0.008532589992829978,0.0
0.5756293220546678,-1.4962330444073841,0.4397761257482487,0.28209800480550734,-0.37587769381522934,1.0
5.109424081728555,0.45417830939094883,-1.05870331311058,1.2671677573354827,-0.49543787016872737,2.0
0.009472026999069738,-1.7453685758180997,-0.5542222215847835,-0.11247054283819145,0.27820590730518674,1.0
1.4558743369946783,-0.39920565643894135,-3.9375127068708737,-0.028359461274257015,1.7931022331762738,0.0
0.9014717752049857,-1.3826693434822594,-0.003550281253135289,-0.1362663901040305,-0.21801393382568213,1.0
-2.930862377668136,0.846220198251585,0.6680690167958377,0.12321079706858916,-0.23701833889952423,0.0
5.379467155787878,0.31158161129670603,-1.1829885619888858,0.6657485613942523,-0.09664608490366451,2.0
0.6996581274257678,-1.8484667788329947,-0.5147260666126142,0.4736400393495582,-0.22033076067657892,1.0
-3.0181951445572786,0.3631197295282407,-0.19467893111035,-0.058209559509780524,0.24855903972932356,0.0
0.9510407431868809,-0.987532766691272,0.7310170370379035,-0.07241234115999547,0.28965600904823324,1.0
5.272575335916071,1.669059172063821,0.8801639651459133,0.2682890510589361,-0.03895727311723116,2.0
-3.8347198610743374,0.7941326737782073,0.12208421452094162,0.10346185488765867,0.24061225023805688,0.0
1.2884603813295206,-1.3418876156090074,0.753535641690598,-0.4448431924239831,0.2228260517243045,1.0
0.843095569854925,-1.3864120135366285,-0.2503130743747331,-0.19469090990487284,0.2685627998080723,1.0
-3.4301070181482602,0.5837525451362284,-0.23459538420102655,0.065286710264691,0.020119812038863302,0.0
0.9146228616805385,-0.8756023378016926,0.9867998858945577,0.04406783796417081,0.0371444902121736,1.0
2.4414603573507794,3.115137259217277,2.792944244255776,0.16936646443158332,-1.1114986083482097,1.0
-3.605813314580104,1.1057405902176702,0.5598306351330394,-0.08007831410353707,-0.07818064761548948,0.0
1.1745502158556949,-0.7869729127303138,0.6932579570495567,-0.6086788864129712,0.2794870730101238,1.0
5.197928071088041,1.3999409113095627,-0.024526246706813068,-0.010751422935588258,1.3122551810877596,2.0
0.7743374413896642,-0.7716022305026118,0.8669891513471655,0.12437867384922005,-0.46433071465971765,1.0
0.8693593953087038,-1.618546013013863,-0.16975876355056932,-0.6575888146604875,0.24553441671011908,1.0
1.6838165369202072,-1.4252593766522699,0.7806268252948961,-0.19013743823126558,0.22452344545264538,1.0
1.8306605834892655,-1.3510388597751903,0.6513645275266242,-0.2737794363747978,0.08527040041966569,1.0
2.5885774863647426,3.459153906584069,0.41402154286133813,-2.892211066515302,1.0757748939601839,2.0
1.465674294698335,-0.9804734266723542,0.8032317257809074,-0.24964206094572725,-0.03544958295408429,1.0
-3.3189285391801437,0.05567554324376891,-0.4601295427725574,0.560855076463685,-0.02642891921739042,0.0
-3.2598742803303313,0.5268396369803764,-0.05820472777993617,0.4535573033852812,0.30158457568358027,0.0
1.0174189020066184,-0.7649147284621752,1.5593309028978921,-0.06440196614312617,-0.5130705404233674,1.0
1.3368929438596924,4.16118685840053,1.2619270026273663,-4.469727723523573,1.2099962694336057,2.0
-2.8328199032898866,0.004787050374063476,-0.644097358709668,0.4113439977556299,-0.10996907232991762,0.0
0.6426710083148732,-1.015846621236119,0.8091236520876476,-0.6659916304820414,-0.47725585108975127,1.0
5.241104812796215,1.5428622571839021,-0.1433101441801748,0.34436110746637516,0.14831251926750533,2.0
1.1681347773828061,-1.6362486873737963,0.273293129671567,0.21758280617553444,-0.5137290404189926,1.0
-3.1910311034922385,0.5090354978366187,-0.19560163809612263,-0.025425298255100214,0.5311502577432572,0.0
0.26397627428982584,-0.9292958128083054,0.6406116552224344,-0.600326863892747,0.2249286600571475,1.0
1.1277485309289703,-2.0790030107883504,-0.4248357314343766,0.26043016804751684,0.14565933607165366,1.0
5.607665341107787,1.323157284860655,-0.16034811782398808,0.3903005871520553,-0.46046663022058326,2.0
1.149652454865305,-0.6784768666109775,0.758713060487078,-0.17052063159173578,0.48082201236637334,1.0
-3.322829238832665,1.2092010692626067,0.3675245690063263,-0.20269501140961843,-0.03645522754044195,0.0
4.6222758611380055,1.1138935873359639,-0.9701055073322188,-0.05279030414216243,0.45121403905998486,2.0
-3.0453940904665107,0.8726125138274721,0.7157473779131122,0.1430722902050887,0.01821249078052345,0.0
-3.3009839698441765,0.5903422109948033,-0.07515751554679774,0.4315977974500146,0.4871888828471383,0.0
1.4260710024716927,-1.0648565736974198,0.3717697526102187,-0.5194932323085939,-0.4307698799531222,1.0
0.9748487627361176,-0.4686629702232414,1.1937050181662938,-1.0693602523635863,0.3877950349360189,1.0
2.5684031292599556,0.5655805845491144,-0.8406067051018679,1.0706923966392623,-1.63745040276604,1.0
-2.7551560812362927,0.3242321531701433,-0.12635700253822843,0.268575821436817,-0.13871787924517134,0.0
-0.8236768505985057,0.05745515445844177,-3.006905315616127,-1.76496609254401,0.06825481869341643,2.0
0.5662335425719172,-1.1399234820771418,0.4351504264849553,-1.097945104984423,-0.7862183553510332,1.0
0.36078204914467504,-0.7364895751299652,0.3105202926272686,-1.161808455263893,0.02795039576501299,1.0
-2.7062596612199785,0.37381390809467413,-0.1964575046157492,0.24772659038233477,0.14073531165813102,0.0
1.4714334556602529,-0.47683338462658,1.2259886806421205,-0.37896060844079865,0.1639017669488971,1.0
0.9158641628780526,-0.5908848126571017,1.5070207529099495,-0.06450524416401544,-0.23605954289772205,1.0
-3.1591510642501377,1.031638893703102,0.6041726188867351,0.17873997347977064,0.03109046217407356,0.0
0.8488645500279298,-0.601006738270108,1.5319207841481872,-0.04948462448083914,-0.3585719264658362,1.0
1.3413841085850613,-1.528140482516855,0.177439980550239,-0.09371514725376341,-0.08708437770702,1.0
1.1467829541675794,-1.0734644443609838,0.7249858236522799,-0.1856348626912299,-0.049033692974611846,1.0
0.8834703285412293,-1.846891274324649,-0.6829660832837281,-0.10545733645313517,0.1563410312733734,1.0
-3.2168812186413103,0.17106837573533473,-0.7626077359105308,0.09463508501799643,0.05406324735394661,0.0
-3.107477717733266,0.6118021511080521,-0.07744943879886278,-0.15517915900875737,-0.4953145161172757,0.0
1.1427515023844805,-1.087712254467824,0.38928275200272305,-0.8453542612286373,0.0711714225529632,1.0
0.9231010272202478,-1.4366235379245735,-0.04608025303901863,0.1682470166656732,0.2842871145074813,1.0
-3.253592230283575,0.1525132465160649,-0.7302921614684629,0.11554558455387952,0.08887650861219154,0.0
0.7153884913805016,-0.7647969278437975,0.4903981910614439,-1.286754734861716,0.07718253760822956,1.0
-3.1547577831873497,0.1675361159809034,-0.5782698360180643,0.47596679188649615,0.3986199345941073,0.0
0.7138794216389823,-0.7874343067573928,0.8615062486883275,-0.3766838887763582,0.6992352856421759,1.0
0.5149803090204389,-1.05449091894726,0.4760782497643427,-0.9724777902891204,0.07040987004434367,1.0
-3.03598427161991,0.4234786447625562,-0.04357669207976308,0.35515812150295,0.18426682051529575,0.0
-3.0338434681417747,0.4324747557044009,-0.056820397961729344,0.34622466170675337,0.12022051848709425,0.0
4.265549521542352,0.8275009655071112,-0.6542477731108546,0.25263759832504035,0.05407976008219413,2.0
-3.1727439051058486,0.10694602017504225,-0.5477145328844855,0.5308751055787332,0.532862300080385,0.0
0.2030336263144269,-1.5759537419558052,0.061849187731066964,-0.2998398622278829,0.17253282696818154,1.0
4.544562730384571,0.15574454868086077,-1.0101840752884672,0.18144745499759105,0.04834090421916333,2.0
4.72678888742923,0.3628549166796093,-0.7771564906488028,1.3812574005009988,0.3479261872910313,2.0
0.23137592357363176,-0.8982043567894155,0.7506178142952441,-0.10750654311141723,-0.2121959108411068,1.0
3.3142832574161836,-0.5909242125964329,-2.961870200918524,1.233636855897426,-1.1153206907912991,2.0
5.150546990901275,1.0469782093821798,-0.3108936142703453,1.049075908614989,0.577326824194707,2.0
0.7288518263270546,-1.3807640041701383,0.03794339644119171,-0.19916675269397363,-1.0074578300822263,1.0
-3.5457780431145247,0.03166655075463445,-0.5351000663400001,0.28155914803667137,0.0970998111161801,0.0
-3.375406047609771,0.16329602099531337,-0.7182770266274403,0.14564809240163287,0.15811819363751042,0.0
-3.1382287365800194,0.7182343258086864,0.07735926155065871,0.25105235571760964,-0.15263048131318543,0.0
-3.1516126311201815,1.1357408880788857,0.35602400242731796,-0.2949457649235691,-0.026065216143494774,0.0
4.942303927690866,1.2311330793300146,0.3620931289158856,0.19026758611153258,-0.6479231768071647,2.0
-3.2505176568706347,0.4598619675135273,0.2838317405451109,0.3498182515652076,-0.4129008173739652,0.0
0.7074988521859288,-0.8960342717676365,1.2004842704511511,0.5709585985632984,-0.3093533549273291,1.0
-3.4523218496764674,0.7145671260762259,-0.00466799573586306,-0.01011810460133695,0.06937297481566057,0.0
5.265536273630734,1.8494229669055429,0.46574868126061236,-0.6331488932853871,0.023931608825343915,2.0
-3.08980256615879,0.5842368444765428,-0.19040915922459417,0.41026859147496963,0.3055595960277946,0.0
-3.2032845408078745,0.5961595000973481,-0.03153134899007788,-0.10131985171590414,-0.1406545822091952,0.0
-3.3053095295315247,0.5866101796457468,-0.2815094176757524,0.07864233707504885,0.31509330175412775,0.0
1.0117109437052751,-1.370682308698122,0.9132390498921996,0.1765820961083205,-0.30475007650599145,1.0
0.6010557852302136,-1.6111447401157588,-0.10752016917338561,-0.4836170672821789,-0.24079407711785528,1.0
5.181246713793292,0.3016550729528211,-0.9876252678152986,0.6918450715576885,0.9507797170042022,2.0
-3.2197003534776205,0.44501311431822527,-0.190593907735172,0.02815131415146348,0.08084338350601722,0.0
0.9920170105406253,-1.6547258440503623,-0.2872472029580547,-0.6329308659559609,-0.6682185606530572,1.0
1.1650415437354744,-0.7004426551065978,1.3977394812220991,-0.6909887944654036,0.12734944016750938,1.0
0.906789408624014,-1.0731607669476129,0.6457452730909023,-0.32512987536881394,0.43143720687964604,1.0
-3.0842060973997047,0.5807186511925063,0.15244774141763784,0.2559965071918221,-0.05189826559066882,0.0
0.4532310845405738,-1.2876823374235709,0.32274947736003995,0.46392207590648615,0.03774140824816903,1.0
0.1663624228593682,-1.858851493648926,-0.514694154646373,-0.1958491050373463,0.038375768568787744,1.0
0.6595603902373119,-1.0104050976087122,0.38523283100396516,-1.2301991313118545,0.04674765851907625,1.0
5.46314812593275,1.4199893752664539,-0.2447895721186382,-0.0518685527822009,0.3873417627480072,2.0
0.940412654758298,-1.5926943417600237,0.06132380127002834,0.1941016676757686,0.41983259148824276,1.0
-3.133104261811345,0.7408708457392978,0.02921665703498939,0.28557703057952444,0.1475383913991967,0.0
4.794623561365412,1.5606700326519736,0.5311725404082461,1.1119487579713105,0.32248462168588987,2.0
4.86060834541493,1.736829348113789,1.157312894554674,0.9278202985593819,-0.22035213187194772,2.0
0.8606993112073511,-1.313144691642257,0.9393673203453596,0.09456852749232754,-0.6579846779744607,1.0
-3.3903955089344446,0.5999249935684478,-0.20476032060291058,0.05200211560994727,0.29938829949174983,0.0
-2.679801336236718,0.8368586083319375,0.5522061836867952,-0.03766133490571744,-0.48839375610367075,0.0
0.3435444201761544,-1.025279296424241,0.8280092217958019,-0.1571356562963887,-0.16168396481376662,1.0
5.148258299247571,1.4748969960130038,0.2401001317707749,0.7648153706373816,1.2906443992237735,2.0
0.5724839854232406,-0.9730570433794961,0.9646722828071941,0.6512048456481551,-0.29767722185297585,1.0
-3.2738362265955194,0.182976964885745,-0.7622489264257798,0.11865043297877008,0.3098636179755811,0.0
0.9269943838385732,-1.0890833310754688,0.6603729769650538,-0.49939419749875774,0.08859261680812383,1.0
5.252051642136404,0.9384360714066177,-0.8608027963060385,0.04193054799201737,0.8365186333606697,2.0
4.413662660495586,1.5396068364806894,0.08865496801961635,0.24411058345592515,0.3308874943742081,2.0
4.549616661758081,1.4067903023075126,0.226071245842131,0.7220135625749676,-0.2607356904815771,2.0
0.9489085701974901,-1.6219861536023168,0.5660783194692459,0.7538967651656344,-0.07512258080104396,1.0
-3.1117593246895368,0.593809929224363,-0.05096202703493062,-0.13731223941636425,-0.3672219120608731,0.0
0.9585259447711726,-0.6159688436883927,1.4695229087575403,-0.5841630664447197,0.529244356160829,1.0
4.619714435463077,0.9387408508843399,-0.403911733305786,0.4938137130396348,-0.3014591683086639,2.0
-3.235461910999701,0.11481631644572506,-0.54930191341018,0.5280288056695164,0.2822573124558683,0.0
-3.287177465852325,0.33917930010408465,0.09281241684269967,0.4823942658574658,0.02958425770463685,0.0
4.970451725420589,1.2137037647819062,0.382752378001682,0.20509092576043594,-0.4265512299526043,2.0
-3.1489478358563825,0.47954291140395894,0.2398598407467712,0.3228205921423447,-0.2611553930358947,0.0
4.779854868062709,0.9163246646247417,-0.2782693138440577,0.8634167453106187,-0.11858242083425294,2.0
-3.536672898251846,1.124858626772521,0.5216868980128357,-0.1040323935829099,-0.019714566075576645,0.0
0.7155295059336608,-1.53045255842234,0.3759119250726221,0.293656338106032,-0.5519267601462845,1.0
1.388361039049188,-1.2605752895843259,0.6882585998386674,0.009039551305582304,-0.5536382883108233,1.0
-3.3713602905611566,1.0685517237838638,0.6744761716717438,0.30976814612199777,0.1836063160917741,0.0
0.6692785153701292,-1.473563414562707,0.3100522051475425,0.2730043870858227,-0.6163578996656568,1.0
0.6742406256132881,-1.74492342209054,-0.017356705852549028,-0.524928382677425,0.3617041824030173,1.0
-3.4080314940162157,0.7856539720907426,0.09793282929430339,0.4137589033125345,0.04944925769238034,0.0
-3.026009788247982,0.8535275871866871,0.6723097989482791,0.12340807710286227,-0.5809026693221987,0.0
-3.2565645568100834,0.8223463081020187,-0.1069812589077687,-0.15044156357632357,0.15943969465653135,0.0
0.35026378170190486,-1.3538337276605623,0.1727570428696212,-0.5754006561536027,0.027944907685167584,1.0
-3.095135122690554,1.0281204103273414,0.6141714862822009,0.12026121913848307,-0.21061232899839577,0.0
1.046336041942296,-1.4317550531990428,0.1890262147263075,0.22058437657953578,-0.015730933529957584,1.0
4.360564629755793,1.257630166571763,-0.6989575830604191,0.006937940760440989,-0.4630336094673866,2.0
-3.2975722572943047,0.592088097303555,0.04810377708451342,-0.08456320700429533,-0.10641086189253715,0.0
0.32377966778411765,-1.1088376389247487,0.7308777499590201,-0.601984432227544,-0.49083996111027867,1.0
0.2875859638536401,-1.2960235020167354,-0.10417188575805393,-0.9372160070598328,-0.696250277276406,1.0
4.856425407239587,0.3667368942293255,-0.908192609191017,0.8095788858709584,1.1225885333681855,2.0
-3.486257371647353,1.1860116299139631,0.48530343220112143,-0.1619842872186367,-0.06067758876369664,0.0
0.7360199098274717,-1.5149048188901337,0.2032280617964876,-0.02588528105330913,-0.20088843486964597,1.0
5.579085711381719,1.0056164838588177,-0.7553174357937351,-0.013389438198425837,0.1414471696686173,2.0
-3.6090550588681034,1.2133416774210803,0.6852097900422426,0.34863956726365763,0.2796388485093922,0.0
-3.1181305324633684,0.4646940582086568,-0.23456580753351125,0.001153654728600785,0.23258880784408817,0.0
-2.936009075526615,0.05756169360828919,-0.6125487324761091,0.37887516491922235,0.03126673274289246,0.0
0.6932475585657534,-1.0690037337466953,1.081335274141682,-0.2923842190868662,-0.24072913047736844,1.0
0.9158148133381826,-1.3586696966109713,0.042470621903332964,-0.18097081119579836,-0.017927209721788084,1.0
-3.2908978123657304,0.1382961538130466,-0.5152260676596229,0.5149414910490455,0.21764146948608032,0.0
1.2371732046814405,-1.3233698660060549,0.06311156879221949,0.10579086418886664,-0.0038080951664531512,1.0
-3.373928493604124,0.6489438411573978,-0.2690326600022956,0.03419646449895485,0.4855621475968945,0.0
0.9494752274491469,-1.0228320035211638,1.1632632403167202,0.5142202578292451,-0.5334784914013502,1.0
1.1739318001170618,-1.2680573455767281,1.0298183455244574,0.3368107610359665,0.014656584264002586,1.0
0.5066686850123948,-0.7055231025135806,-4.291996594615274,1.322471638939025,-0.5166758304328025,2.0
-3.5498643996102537,0.3443572893824444,-0.5813973051392288,0.6666167272827781,0.5055476783654448,0.0
-0.039151788580743564,1.9075922566121069,0.6946634005484077,-1.4912166403136093,0.7049356157330782,0.0
0.40642242765233166,-1.7574249936636586,-0.3356482661000054,0.5335698171670583,0.8892686908234193,1.0
-3.3365940406765775,0.45518988363027874,-0.1549773901319667,0.03272387541489973,0.22822895000870297,0.0
-3.2843583310160147,0.06523456152119424,-0.4792014113326593,0.5488780367239986,0.0028041215525660135,0.0
-3.0748113604387908,-0.06212607756791398,-0.5105942787889548,0.49518327593343514,-0.31460035771961264,0.0
-3.4401346969070925,0.5358598023101644,0.15087866308885317,-0.01878812845315615,-0.09525042091596017,0.0
0.25589112728789815,0.039769769763232855,-2.6931648977419997,-0.8486528663008699,-3.2549626903683344,2.0
4.814456087267019,0.9897411125242858,-0.7918370465981244,0.4036952617831524,0.04530845174278854,2.0
-3.2608612456520403,0.6106432265228249,0.01578820264244558,-0.1054737065401783,-0.14122412315078184,0.0
4.9961047992823024,0.9732592003415644,-0.8199254486570825,0.7805328509326852,-0.38484283688427223,2.0
1.2386716487830935,-1.1298524824494678,0.5766702913468374,-0.47732709606259777,0.27372596996482784,1.0
5.542231921298592,1.0642804247044202,0.18219119464325398,0.30083795955156034,0.6697892640772837,2.0
-3.160613536370099,0.739701933236522,0.05864620247530778,0.26309066393869684,0.1324029300784055,0.0
0.20940483408825866,-1.4468378709400986,0.24545296822964777,-0.438305756372848,-0.4272778929367799,1.0
-3.2705535714194887,0.023805600101797955,-0.5045630654033314,0.6084057974646697,0.024089344303232327,0.0
5.60503908491952,1.559852389913755,1.039469789356057,0.5032300841472139,0.5332915988682282,2.0
-3.365893981876739,0.6913439345138144,0.15983370795395296,0.3260194425806192,-0.10704161656953437,0.0
0.9468557284514418,-2.0813308478763535,-0.30216854455274983,0.2876492538752685,0.4846142677173566,1.0
0.07201598163543992,0.9628401076570695,-2.091371943547404,-1.3887338276898642,-1.9412085277889686,0.0
0.08653329786338691,-1.5057448228811288,-0.11853835379626768,-0.7463429619576176,0.42206714789177696,1.0
5.528001075963707,1.3960307944125758,-0.032488452070832854,0.8532135627098769,-0.34710236029034297,2.0
0.8745879642948198,-1.071461198040338,0.369103427946271,-1.2066643170371494,0.15827946881507618,1.0
0.08475771310766538,-1.074710999799312,0.07056114906305165,-0.4576619655948232,0.5306884644980466,1.0
1.0779777675544946,0.08581326046774798,-1.8566573444871985,-0.1552596248290664,-1.986243668424983,2.0
2.6578204664254512,0.3006916166700331,-1.8738037798387883,-1.5741341399211586,1.3728058474211606,0.0
-3.373979696264699,0.7510713793475706,-0.04569776185781645,-0.07746905025742036,0.07789033377653731,0.0
-2.989243736967418,0.2703534290497377,-0.004151438489035862,0.3703432876884163,0.09900989158308354,0.0
-3.23619144501845,0.49988470416063285,0.23280310702769197,0.34094606025041174,-0.1626806672406192,0.0
5.370706874727234,0.5900497857474211,-0.32156904751239435,0.9166342688578558,0.8247980820527457,2.0
3.9153485265400962,2.094766848298136,0.185134078317193,-2.0109696395665653,-0.4984962695118484,0.0
-3.2684127679413533,0.032801711043642455,-0.5178067712852974,0.5994723376684732,-0.03995695772496882,0.0
0.20145533554407613,-1.2358781347557157,-0.16942041625188733,-0.8183250320807804,-0.690935286410975,1.0
1.02897233378448,-0.9301678101261872,0.35742846856706784,-1.0166782814359805,-0.08794151279107124,1.0
4.625857589585946,0.32457574573829345,-0.6830957963243484,1.4005920329319375,0.40241724848673,2.0
-3.4240168652780825,1.0824294450421459,0.7453971060664498,0.28008434471340604,0.2611806566275537,0.0
-2.9170630148804024,0.022746162343687107,-0.5890034543885634,0.43709537074483606,0.302587402176489,0.0
-3.6559678620749447,0.7874643999243659,0.012660733521281012,0.08517622885610364,-0.03429637937944424,0.0
1.2613414316530813,-1.0467975244104828,0.7797614857925711,-0.5194501360514738,-0.650081014219191,1.0
-3.3649378801267504,1.0955400566093974,0.6347450540258454,0.28296776673340784,-0.008532589992829978,0.0
-0.1246182095489564,-1.399142266380088,0.3277716558556789,-0.27717507588286755,-0.2055203539937604,1.0
5.556288945682259,1.3874512633938496,-0.09424712141867243,0.33275509917195933,0.447706126654304,2.0
4.559666746136644,1.139622660748974,-0.3559447900329597,0.26188832412517493,1.343199750022255,2.0
2.4457917116949535,-1.7023241178694237,-4.379578652305278,0.5387890568419694,-1.2696286033780424,0.0
1.664247034988712,-1.1781347586412785,0.6107107028949533,-0.26779555450870723,0.17572271234899572,1.0
0.1016151030296386,-1.2506915348001049,-0.19980287692664134,-0.27647392311866537,0.0009544806735601407,1.0
-2.97333813164537,1.0333607256239101,0.505106814767291,0.12599094106770167,-0.2297205879942626,0.0
-3.6580647128220023,0.7642080984478887,0.2587437532961338,0.4649320686196592,0.3299381077981699,0.0
1.9890579514552489,2.7785771312727223,0.7590684535602908,-1.0067019226518035,1.795876146760713,2.0
0.2961653168134435,-1.0360998180799779,0.8299740941531489,-0.9599507406344697,-0.39866516378851485,1.0
0.48128721238110544,1.3801657966231433,-2.221747702344112,-2.5013678504073993,-0.3183474267904009,2.0
2.353269014535998,1.9729002883953999,-0.6116237551981241,-3.004980484136297,1.8014208202822826,0.0
-3.7129060437481414,0.7833498992989586,0.11006907967991927,0.0733593470399053,0.17137056521273814,0.0
4.882164416612525,1.6080539976175277,0.6976146659880993,-0.34381476327135996,-0.8648574045689775,2.0
0.3889687353991234,-1.3301753119496968,0.5173912381980258,0.8388376009822244,-0.29258123521939,1.0
-3.7150468472262768,0.7743537883571141,0.12331278556188521,0.08229280683610184,0.2354168672409394,0.0
1.4153666052226341,-1.4241196802536376,0.10447091330252156,-0.0327766246759434,0.1940815078673025,1.0
-3.1787589375396594,0.5836880036113569,-0.026061995796692876,-0.12229161973318786,-0.4897342956289873,0.0
